years,event_name,link,status,duration
2014,i-联赛第2赛季,/event/106.html,已结束,2014/12/03 — 2015/03/30
2014,2015 欧洲扩展赛,/event/15.html,已结束,2014/11/23 — 2014/12/19
2014,华硕ROG梦幻联赛第2赛季,/event/115.html,已结束,2014/11/17 — 2014/11/30
2014,2015 北美扩展赛,/event/14.html,已结束,2014/11/15 — 2014/12/21
2014,SLTV群星联赛第11赛季,/event/109.html,已结束,2014/11/14 — 2015/01/19
2014,XMG队长征召联赛2.0,/event/112.html,已结束,2014/11/01 — 2014/12/22
2014,韩国Dota联赛第4赛季,/event/113.html,已结束,2014/10/26 — 2014/12/21
2014,G联赛2014、2015赛季,/event/88.html,已结束,2014/10/25 — 2015/07/10
2014,D2L 联赛第五赛季,/event/110.html,已结束,2014/10/14 — 2015/01/07
2014,“同心协力”联赛第1赛季,/event/116.html,已结束,2014/10/13 — 2014/11/10
2014,巅峰联赛第2赛季,/event/114.html,已结束,2014/10/04 — 2014/12/08
2014,2014WCA世界电子竞技大赛,/event/122.html,已结束,2014/10/02 — 2014/10/05
2014,Dota之渊联赛第2赛季,/event/111.html,已结束,2014/10/01 — 2014/12/24
2014,2014 S4 全球总决赛,/event/18.html,已结束,2014/09/18 — 2014/10/19
2014,Dota 2冠军联赛第4赛季,/event/117.html,已结束,2014/09/15 — 2014/11/03
2014,2015 LCS 北美春季资格赛,/event/39.html,已结束,2014/09/10 — 2014/09/10
2014,2015 LCS 欧洲春季资格赛,/event/47.html,已结束,2014/09/09 — 2014/09/11
2014,2014 S4 世界总决赛LPL预选赛,/event/32.html,已结束,2014/09/06 — 2014/09/07
2014,2014年ESL One纽约联赛,/event/121.html,已结束,2014/09/05 — 2014/10/11
2014,SL10 群星联赛第10赛季,/event/120.html,已结束,2014/08/31 — 2014/10/27
2014,S4世界总决赛韩国地区预选赛,/event/58.html,已结束,2014/08/28 — 2014/08/30
2014,2014 S4 Circuit Points Tiebreaker,/event/59.html,已结束,2014/08/27 — 2014/08/27
2014,莫斯科豪杰联赛第2赛季,/event/118.html,已结束,2014/08/26 — 2014/10/29
2014,2014 北美挑战者夏季季后赛,/event/51.html,已结束,2014/08/22 — 2014/08/25
2014,2014WEC世界电子竞技冠军赛,/event/123.html,已结束,2014/08/16 — 2014/09/07
2014,i-联赛第1赛季,/event/89.html,已结束,2014/08/12 — 2014/12/05
2014,2014 欧洲挑战者夏季季后赛,/event/55.html,已结束,2014/08/05 — 2014/08/09
2014,2014 OGN 夏季赛,/event/28.html,已结束,2014/06/18 — 2014/08/16
2014,2014 CS 欧洲夏季第2系列赛,/event/26.html,已结束,2014/06/18 — 2014/07/31
2014,2014 CS 欧洲夏季第1系列赛,/event/25.html,已结束,2014/06/18 — 2014/06/21
2014,2014 LPL 夏季赛,/event/31.html,已结束,2014/06/14 — 2014/08/24
2014,2014 LCS 北美夏季赛,/event/3.html,已结束,2014/05/24 — 2014/08/24
2014,2014 LCS 欧洲夏季赛,/event/6.html,已结束,2014/05/20 — 2014/08/07
2014,2014 CS北美区夏季第2系列赛,/event/22.html,已结束,2014/05/20 — 2014/06/16
2014,2014 CS北美区夏季第1系列赛,/event/21.html,已结束,2014/05/20 — 2014/08/17
2014,国际邀请赛2014,/event/124.html,已结束,2014/05/16 — 2014/07/09
2014,2014 全明星赛,/event/16.html,已结束,2014/05/08 — 2014/05/11
2014,2014年ESL One法兰克福联赛,/event/125.html,已结束,2014/05/01 — 2014/06/30
2014,Dota 2冠军联赛第3赛季,/event/84.html,已结束,2014/05/01 — 2014/06/26
2014,2014 LCS 北美夏季资格赛,/event/38.html,已结束,2014/04/27 — 2014/04/27
2014,2014DreamHack布加勒斯特邀请赛,/event/86.html,已结束,2014/04/26 — 2014/04/27
2014,2014 LCS 欧洲夏季资格赛,/event/46.html,已结束,2014/04/24 — 2014/04/24
2014,巅峰联赛第1赛季,/event/87.html,已结束,2014/04/21 — 2014/06/06
2014,2014 北美挑战者春季季后赛,/event/50.html,已结束,2014/04/05 — 2014/04/14
2014,D2L西方挑战赛,/event/85.html,已结束,2014/04/05 — 2014/06/25
2014,2014 欧洲挑战者春季季后赛,/event/54.html,已结束,2014/04/02 — 2014/04/18
2014,WPC世界电子竞技精英赛,/event/83.html,已结束,2014/03/29 — 2014/06/02
2014,2014 OGN 春季赛,/event/27.html,已结束,2014/03/12 — 2014/05/24
2014,SLTV群星联赛第9赛季,/event/82.html,已结束,2014/03/06 — 2014/04/21
2014,华硕ROG梦幻联赛第1赛季,/event/81.html,已结束,2014/03/04 — 2014/06/17
2014,2014 CS 北美区春季第2系列赛,/event/20.html,已结束,2014/03/02 — 2014/04/03
2014,2014 CS 欧洲春季第2系列赛,/event/24.html,已结束,2014/02/28 — 2014/03/06
2014,2014 LPL 春季赛,/event/30.html,已结束,2014/02/22 — 2014/05/25
2014,XMG队长征召邀请赛,/event/80.html,已结束,2014/02/19 — 2014/04/01
2014,Dota 2冠军联赛第2赛季,/event/79.html,已结束,2014/02/10 — 2014/04/16
2014,2014 LCS 欧洲春季赛,/event/5.html,已结束,2014/01/15 — 2014/04/15
2014,2014  CS 欧洲春季赛,/event/23.html,已结束,2014/01/14 — 2014/04/03
2014,2014 LCS 北美春季赛,/event/2.html,已结束,2014/01/14 — 2014/04/21
2014,2014 北美挑战者春季第1系列赛,/event/19.html,已结束,2014/01/14 — 2014/04/03
2015,2015 IEM 科隆站,/event/164.html,已结束,2015/12/19 — 2015/12/21
2015,WCA 2015 LOL 全球总决赛,/event/163.html,已结束,2015/12/17 — 2015/12/20
2015,WCA 2015 DOTA2全球总决赛,/event/161.html,已结束,2015/12/17 — 2015/12/20
2015,2015全明星赛,/event/149.html,已结束,2015/12/10 — 2015/12/14
2015,NEST2015全国电子竞技大赛,/event/154.html,已结束,2015/11/27 — 2015/11/29
2015,2015 德玛西亚杯—武汉,/event/158.html,已结束,2015/11/21 — 2015/11/22
2015,2015IEM圣何塞站,/event/152.html,已结束,2015/11/21 — 2015/11/23
2015,法兰克福秋季特锦赛,/event/153.html,已结束,2015/11/16 — 2015/11/21
2015,2015年韩国电竞协会杯,/event/157.html,已结束,2015/11/06 — 2015/11/15
2015,ECL2015年秋季赛,/event/160.html,已结束,2015/10/16 — 2015/11/28
2015,TS4巅峰联赛,/event/155.html,已结束,2015/10/01 — 2015/12/13
2015,2015全球总决赛,/event/136.html,已结束,2015/10/01 — 2015/11/01
2015,2016 LCS 北美赛区春季赛资格赛,/event/151.html,已结束,2015/09/06 — 2015/09/08
2015,2016 LCS 欧洲赛区春季赛资格赛,/event/150.html,已结束,2015/09/05 — 2015/09/06
2015,2015 S5 LPL 预选赛,/event/137.html,已结束,2015/09/04 — 2015/09/05
2015,2015 S5 LCK韩国赛区预选赛,/event/144.html,已结束,2015/09/01 — 2015/09/05
2015,2015 南洋杯DOTA2国际锦标赛,/event/147.html,已结束,2015/09/01 — 2015/11/01
2015,2015 S5 LCS北美赛区预选赛,/event/138.html,已结束,2015/08/28 — 2015/09/01
2015,2015 S5 LCS欧洲赛区预选赛,/event/139.html,已结束,2015/08/27 — 2015/09/01
2015,S5赛季世界总决赛外卡赛,/event/143.html,已结束,2015/08/26 — 2015/08/31
2015,2015 ESL One 纽约站,/event/148.html,已结束,2015/08/22 — 2015/10/05
2015,2015 S5 港澳台地区预选赛,/event/140.html,已结束,2015/08/14 — 2015/08/16
2015,2015 LJL 日本联赛总决赛,/event/156.html,已结束,2015/08/08 — 2015/08/08
2015,LOL娱乐竞技赛集合,/event/134.html,已结束,2015/08/04 — 2015/08/08
2015,2015 TI5国际邀请赛,/event/133.html,已结束,2015/07/26 — 2015/08/10
2015,火猫TV仲夏联赛 第一届,/event/131.html,已结束,2015/07/14 — 2015/07/22
2015,斗鱼杯dota2邀请赛,/event/132.html,已结束,2015/07/10 — 2015/07/22
2015,2015 LCS 北美夏季赛,/event/41.html,已结束,2015/05/31 — 2015/08/30
2015,2015 LCS 欧洲夏季赛,/event/49.html,已结束,2015/05/29 — 2015/08/30
2015,2015 CS 北美挑战者夏季预选赛,/event/53.html,已结束,2015/05/27 — 2015/06/11
2015,2015 CS 欧洲挑战者夏季预选赛,/event/57.html,已结束,2015/05/27 — 2015/06/11
2015,2015 德玛西亚杯—北京,/event/126.html,已结束,2015/05/25 — 2015/07/12
2015,2015 LPL 夏季赛,/event/62.html,已结束,2015/05/22 — 2015/08/24
2015,2015 LMS 港澳台区夏季赛,/event/63.html,已结束,2015/05/20 — 2015/08/16
2015,2015 LCK 韩国夏季赛,/event/60.html,已结束,2015/05/20 — 2015/08/29
2015,2015年国际邀请赛预选赛,/event/92.html,已结束,2015/05/17 — 2015/06/01
2015,2015 LCK 夏季资格赛,/event/29.html,已结束,2015/05/15 — 2015/05/16
2015,2015年MDL国际精英邀请赛,/event/95.html,已结束,2015/05/08 — 2015/06/07
2015,2015 MSI 季中邀请赛,/event/33.html,已结束,2015/05/08 — 2015/05/10
2015,2015 LCS 北美夏季资格赛,/event/40.html,已结束,2015/04/27 — 2015/04/27
2015,2015 LCS 欧洲夏季资格赛,/event/48.html,已结束,2015/04/25 — 2015/04/26
2015,2015MLG职业联赛第2赛季,/event/94.html,已结束,2015/04/21 — 2015/06/08
2015,2015 LPL 夏季资格赛,/event/61.html,已结束,2015/04/14 — 2015/04/14
2015,2015WCA世界电子竞技大赛,/event/96.html,已结束,2015/04/13 — 2015/12/01
2015,2015ECL电竞冠军联赛春季赛,/event/93.html,已结束,2015/04/11 — 2015/06/14
2015,Dota 2加拿大联赛第5赛季,/event/99.html,已结束,2015/04/07 — 2015/05/22
2015,DL S3 华硕ROG梦幻联赛第3赛季,/event/97.html,已结束,2015/04/07 — 2015/06/16
2015,红牛战场Dota 2联赛,/event/100.html,已结束,2015/04/06 — 2015/05/11
2015,i-联赛第3赛季,/event/98.html,已结束,2015/03/31 — 2015/05/23
2015,SL12 群星联赛第12赛季,/event/104.html,已结束,2015/03/12 — 2015/04/26
2015,2015年 ESL One 法兰克福联赛,/event/103.html,已结束,2015/03/12 — 2015/06/21
2015,TS3巅峰联赛第3赛季,/event/91.html,已结束,2015/03/06 — 2015/05/18
2015,终极高手挑战赛,/event/934.html,已结束,2015/03/01 — 2015/03/05
2015,D2CL第5赛季,/event/101.html,已结束,2015/02/24 — 2015/05/11
2015,2015 CS 北美挑战者春季赛,/event/8.html,已结束,2015/02/18 — 2015/04/01
2015,2015 CS 欧洲挑战者春季赛,/event/9.html,已结束,2015/02/18 — 2015/04/01
2015,2015 MAS “群星云集”联赛,/event/107.html,已结束,2015/02/14 — 2015/03/22
2015,joinDOTA MLG职业联赛第1赛季,/event/105.html,已结束,2015/01/24 — 2015/04/17
2015,2015 LCS 北美春季赛,/event/4.html,已结束,2015/01/24 — 2015/04/05
2015,2015 LCS 欧洲春季赛,/event/7.html,已结束,2015/01/23 — 2015/04/04
2015,Dota之渊联赛第3赛季,/event/90.html,已结束,2015/01/22 — 2015/07/10
2015,2015 CS 北美挑战者春季预选赛,/event/52.html,已结束,2015/01/21 — 2015/02/05
2015,2015 CS 欧洲挑战者春季预选赛,/event/56.html,已结束,2015/01/21 — 2015/02/05
2015,2015 LPL 春季赛,/event/11.html,已结束,2015/01/16 — 2015/04/26
2015,2015 LMS 港澳台春季联赛,/event/12.html,已结束,2015/01/08 — 2015/04/10
2015,2015 LCK 韩国春季赛,/event/10.html,已结束,2015/01/07 — 2015/04/17
2015,2015 Dota 2亚洲邀请赛,/event/108.html,已结束,2015/01/06 — 2015/02/09
2016,斗鱼NGACUP第二赛季,/event/362.html,已结束,2016/12/26 — 2017/01/19
2016,2016无锡中韩电竞对抗赛,/event/345.html,已结束,2016/12/24 — 2016/12/25
2016,使命召唤OL冠军联赛 S1,/event/484.html,已结束,2016/12/24 — 2017/03/25
2016,2016 中韩电子竞技对抗赛,/event/343.html,已结束,2016/12/24 — 2016/12/25
2016,2016 中韩电子竞技对抗赛,/event/339.html,已结束,2016/12/24 — 2016/12/25
2016,2017年 KPL春季预选赛,/event/415.html,已结束,2016/12/23 — 2017/01/16
2016,2016 MASTERS传奇大师赛 中国区,/event/344.html,已结束,2016/12/22 — 2016/12/25
2016,深渊联赛第五赛季,/event/355.html,已结束,2016/12/20 — 2017/01/23
2016,守望先锋时空杯,/event/353.html,已结束,2016/12/20 — 2016/12/28
2016,MLG Vegas 2016,/event/385.html,已结束,2016/12/16 — 2016/12/19
2016,ChinaTop国家杯,/event/337.html,已结束,2016/12/16 — 2016/12/19
2016,CHINATOP 国家杯电竞大赛,/event/336.html,已结束,2016/12/16 — 2016/12/18
2016,IEM Gyeonggi 2016,/event/334.html,已结束,2016/12/16 — 2016/12/18
2016,ELEAGUE 联赛Major 预选赛,/event/335.html,已结束,2016/12/15 — 2016/12/18
2016,2016 IEM 京畿道站,/event/333.html,已结束,2016/12/14 — 2016/12/19
2016,2016ECL秋季赛,/event/338.html,已结束,2016/12/10 — 2017/01/05
2016,2016 WCA 全球总决赛,/event/323.html,已结束,2016/12/09 — 2016/12/11
2016,2016 ECS S2 赛季总决赛,/event/321.html,已结束,2016/12/09 — 2016/12/11
2016,2016全明星赛,/event/316.html,已结束,2016/12/08 — 2016/12/12
2016,OTS战队总动员,/event/320.html,已结束,2016/12/02 — 2017/01/14
2016,全民守望擂台,/event/359.html,已结束,2016/11/26 — 2017/01/08
2016,2016 DreamHack ZOWIE 冬季公开赛,/event/314.html,已结束,2016/11/24 — 2016/11/26
2016,Dreamhack Masters 拉斯维加斯 亚洲区预选赛,/event/318.html,已结束,2016/11/23 — 2016/12/04
2016,2016 IEM 奥克兰站,/event/311.html,已结束,2016/11/20 — 2016/11/21
2016,2016 IGL 年度总决赛,/event/313.html,已结束,2016/11/20 — 2016/11/27
2016,NEST2016全国电子竞技大赛,/event/298.html,已结束,2016/11/18 — 2016/11/20
2016,2016 IEM 奥克兰站,/event/312.html,已结束,2016/11/16 — 2016/11/20
2016,ESL One云顶联赛,/event/315.html,已结束,2016/11/15 — 2017/01/09
2016,斗鱼NGACUP第一赛季,/event/361.html,已结束,2016/11/14 — 2016/12/08
2016,2016 iBUYPOWER 大师赛,/event/301.html,已结束,2016/11/12 — 2016/11/13
2016,NA BEAT邀请赛,/event/304.html,已结束,2016/11/11 — 2016/11/15
2016,SL-i联赛S3赛季,/event/354.html,已结束,2016/11/10 — 2017/03/26
2016,2016 WESG 亚太地区总决赛,/event/308.html,已结束,2016/11/10 — 2016/11/14
2016,2016 ROG 亚洲大师赛,/event/306.html,已结束,2016/11/10 — 2016/11/14
2016,2016年韩国电竞协会杯,/event/303.html,已结束,2016/11/09 — 2016/11/19
2016,2016 北美 Minor预选赛,/event/310.html,已结束,2016/11/08 — 2016/11/09
2016,2016 PGL Minor 欧洲区预选赛,/event/305.html,已结束,2016/11/04 — 2016/11/06
2016,守望先锋世界杯,/event/319.html,已结束,2016/10/31 — 2016/11/07
2016,2016波士顿特锦赛,/event/300.html,已结束,2016/10/29 — 2016/12/11
2016,2016 PGL minor 亚洲区预选赛,/event/299.html,已结束,2016/10/28 — 2016/10/31
2016,2016 电子竞技世界杯 ESWC,/event/285.html,已结束,2016/10/27 — 2016/10/30
2016,ESL 职业联赛第四赛季 总决赛,/event/297.html,已结束,2016/10/26 — 2016/10/30
2016,NSL守望季前赛,/event/386.html,已结束,2016/10/25 — 2016/11/23
2016,ZOTAC 世界杯,/event/296.html,已结束,2016/10/24 — 2016/10/25
2016,LCL校际精英赛-长沙站,/event/295.html,已结束,2016/10/22 — 2016/12/10
2016,ELEAGUE 联赛第二赛季,/event/292.html,已结束,2016/10/22 — 2016/12/03
2016,2016 WCA 中国区职业预选赛 S3,/event/294.html,已结束,2016/10/21 — 2016/10/28
2016,EPICENTER 莫斯科大赛,/event/290.html,已结束,2016/10/17 — 2016/10/23
2016,2016 PGL Minor 中国区预选赛,/event/289.html,已结束,2016/10/14 — 2016/10/17
2016,2016 WCA 中外对抗赛（中英俄争霸）,/event/287.html,已结束,2016/10/13 — 2016/10/19
2016,TS6巅峰联赛,/event/288.html,已结束,2016/10/10 — 2016/11/20
2016,OGN Overwatch APEX - Season 1,/event/383.html,已结束,2016/10/07 — 2016/12/03
2016,2016 电子竞技世界冠军大赛,/event/284.html,已结束,2016/10/06 — 2016/10/09
2016,2016 WESG 欧洲总决赛,/event/283.html,已结束,2016/10/06 — 2016/10/09
2016,2016 WESG 亚太区中国总决赛,/event/281.html,已结束,2016/10/01 — 2016/10/04
2016,2016 ESL One New York,/event/282.html,已结束,2016/09/30 — 2016/10/02
2016,2016全球总决赛,/event/177.html,已结束,2016/09/29 — 2016/10/29
2016,南洋杯邮轮站,/event/279.html,已结束,2016/09/28 — 2016/10/17
2016,2016 极限之地 亚洲总决赛,/event/278.html,已结束,2016/09/22 — 2016/09/25
2016,2016 MDL秋季赛,/event/277.html,已结束,2016/09/19 — 2016/10/02
2016,2016明星主播对抗赛,/event/275.html,已结束,2016/09/18 — 2016/09/20
2016,2016年 KPL秋季赛,/event/414.html,已结束,2016/09/17 — 2016/12/18
2016,iBUYPOWER 2016秋季邀请赛,/event/276.html,已结束,2016/09/17 — 2016/09/19
2016,Mr. Cat 亚洲大师赛,/event/273.html,已结束,2016/09/16 — 2016/10/16
2016,DreamHack 布加勒斯特站 公开赛 2016,/event/271.html,已结束,2016/09/16 — 2016/09/18
2016,E联赛第二赛季北美区资格赛,/event/272.html,已结束,2016/09/14 — 2016/09/16
2016,ESL One 纽约2016 北美区预选赛,/event/269.html,已结束,2016/09/13 — 2016/09/28
2016,ECS第二赛季（北美区）,/event/274.html,已结束,2016/09/09 — 2016/11/16
2016,ECS 第二赛季（欧洲区）,/event/268.html,已结束,2016/09/09 — 2016/11/13
2016,《守望先锋》泛亚太超级锦标赛,/event/373.html,已结束,2016/09/08 — 2016/10/16
2016,2016 IGL 国际游戏联盟 CSGO,/event/260.html,已结束,2016/09/08 — 2016/09/17
2016,第二届上海DOTA2公开赛,/event/280.html,已结束,2016/09/07 — 2016/10/01
2016,E联赛第二赛季欧洲区资格赛,/event/266.html,已结束,2016/09/07 — 2016/09/09
2016,莫斯科震中杯：独联体地区最终预选赛,/event/270.html,已结束,2016/09/05 — 2016/09/20
2016,ESL One 纽约2016 欧洲区预选赛,/event/263.html,已结束,2016/09/04 — 2016/09/05
2016,2016 中国电子竞技大会,/event/261.html,已结束,2016/09/03 — 2016/09/05
2016,莫斯科震中杯：欧洲区最终预选赛,/event/264.html,已结束,2016/08/28 — 2016/09/15
2016,2016 S6 世界总决赛LPL预选赛,/event/250.html,已结束,2016/08/26 — 2016/08/28
2016,ESL职业联赛第四赛季,/event/258.html,已结束,2016/08/18 — 2016/10/30
2016,2017 LPL 春季升降级赛,/event/469.html,已结束,2016/08/11 — 2017/08/13
2016,ESEA S22全球挑战赛,/event/257.html,已结束,2016/08/06 — 2016/08/31
2016,2016 SN Nova Minor,/event/255.html,已结束,2016/08/06 — 2016/08/12
2016,2016 DOTA2国际邀请赛,/event/251.html,已结束,2016/08/02 — 2016/08/14
2016,E-Sports Festival CS:GO Tournament,/event/254.html,已结束,2016/08/02 — 2016/08/04
2016,SL-i联赛DOTA2国际邀请赛S2,/event/247.html,已结束,2016/07/22 — 2016/07/25
2016,VPGAME职业邀请赛第二赛季,/event/249.html,已结束,2016/07/20 — 2016/08/01
2016,第二届SL-i联赛CS:GO群星联赛,/event/246.html,已结束,2016/07/19 — 2016/09/12
2016,iBUYPOWER 夏季邀请赛 2016,/event/245.html,已结束,2016/07/17 — 2016/07/18
2016,DreamHack 西班牙 小型比赛 2016,/event/243.html,已结束,2016/07/15 — 2016/07/16
2016,2016ECL春季赛,/event/241.html,已结束,2016/07/09 — 2016/07/10
2016,南洋杯第二赛季总决赛,/event/240.html,已结束,2016/07/06 — 2016/07/11
2016,ESL One Cologne 2016,/event/239.html,已结束,2016/07/05 — 2016/07/10
2016,守望先锋黄金守望锦标赛上海站,/event/388.html,已结束,2016/07/04 — 2016/07/26
2016,B5 CS：GO精英赛 第二届,/event/244.html,已结束,2016/07/02 — 2016/07/18
2016,2016NEA北京电子竞技公开赛,/event/238.html,已结束,2016/07/01 — 2016/07/04
2016,2016 NEA 北京电子竞技公开赛,/event/234.html,已结束,2016/07/01 — 2016/07/03
2016,2016年球球大作战全球总决赛（BGF）,/event/480.html,已结束,2016/06/30 — 2016/12/31
2016,2016德玛西亚杯—苏州武汉,/event/230.html,已结束,2016/06/29 — 2016/11/14
2016,TI6中国区预选赛,/event/237.html,已结束,2016/06/25 — 2016/06/30
2016,2016 ECS S1 赛季总决赛,/event/233.html,已结束,2016/06/24 — 2016/06/26
2016,2016 DreamHack 夏季赛,/event/231.html,已结束,2016/06/18 — 2016/06/21
2016,南洋杯第二赛季中国区预选赛,/event/229.html,已结束,2016/06/17 — 2016/06/27
2016,2016 WCA CS:GO 第二赛季,/event/222.html,已结束,2016/06/14 — 2016/07/14
2016,2016 WCA S2赛季,/event/228.html,已结束,2016/06/13 — 2016/08/30
2016,2016 LMS 港澳台夏季联赛,/event/221.html,已结束,2016/06/09 — 2016/08/30
2016,ESL One Cologne 2016 预选赛,/event/226.html,已结束,2016/06/09 — 2016/06/13
2016,2016 CSGO 好汉杯 第二届,/event/225.html,已结束,2016/06/09 — 2016/07/25
2016,MixBOT黄金职业联赛,/event/248.html,已结束,2016/06/08 — 2016/08/30
2016,2016 D-FIRE职业联赛,/event/235.html,已结束,2016/06/06 — 2016/07/21
2016,2016 LCS 北美夏季赛,/event/217.html,已结束,2016/06/03 — 2016/08/29
2016,DOTA2马尼拉特锦赛,/event/227.html,已结束,2016/06/03 — 2016/06/12
2016,2016 LCS 欧洲夏季赛,/event/216.html,已结束,2016/06/02 — 2016/08/29
2016,PGL2016传奇大师赛,/event/220.html,已结束,2016/05/27 — 2016/07/24
2016,2016 LPL 夏季赛,/event/218.html,已结束,2016/05/26 — 2016/08/28
2016,2016 LCK 韩国夏季赛,/event/215.html,已结束,2016/05/25 — 2016/08/29
2016,2016 CSGO ELEAGUE 第一赛季,/event/219.html,已结束,2016/05/24 — 2016/07/30
2016,2016 SN 顶级联赛 第一赛季,/event/196.html,已结束,2016/05/20 — 2016/05/28
2016,2016 CSGO SL i-league 邀请赛,/event/213.html,已结束,2016/05/19 — 2016/05/22
2016,中国DOTA2职业 DPL联赛,/event/212.html,已结束,2016/05/18 — 2017/01/04
2016,2016 极限之地 亚洲公开赛,/event/236.html,已结束,2016/05/16 — 2016/09/25
2016,SL-i联赛DOTA2 S2赛季,/event/211.html,已结束,2016/05/16 — 2016/05/26
2016,2016 CSGO 欧洲MInor冠军赛,/event/210.html,已结束,2016/05/14 — 2016/06/17
2016,2016 PGL 传奇大师赛夏季赛,/event/214.html,已结束,2016/05/14 — 2016/07/24
2016,ESL 职业联赛第三赛季线下决赛,/event/209.html,已结束,2016/05/11 — 2016/05/16
2016,2016 CS:GO IGL国际游戏联盟,/event/232.html,已结束,2016/05/11 — 2016/06/27
2016,2016 CSGO H-CUP,/event/208.html,已结束,2016/05/10 — 2016/06/10
2016,TS5巅峰联赛,/event/204.html,已结束,2016/05/08 — 2016/08/30
2016,2016 DreamHack 奥斯汀站,/event/203.html,已结束,2016/05/06 — 2016/05/08
2016,2016 PGL Minor 亚洲地区预选赛,/event/202.html,已结束,2016/05/05 — 2016/05/07
2016,2016 MSI 季中冠军赛,/event/178.html,已结束,2016/05/04 — 2016/05/15
2016,DOTA2马尼拉特锦赛预选赛,/event/201.html,已结束,2016/04/28 — 2016/06/03
2016,2016 CEVO 第9赛季总决赛,/event/200.html,已结束,2016/04/28 — 2016/05/01
2016,2016 PGL 传奇大师赛春季赛,/event/199.html,已结束,2016/04/23 — 2016/04/24
2016,2016 LPL 夏季赛资格赛,/event/346.html,已结束,2016/04/14 — 2016/04/17
2016,2016 DH 马尔默站大师赛,/event/191.html,已结束,2016/04/12 — 2016/04/17
2016,2016 ECS 第一赛季,/event/197.html,已结束,2016/04/09 — 2016/05/30
2016,SL-i联赛DOTA2国际邀请赛,/event/193.html,已结束,2016/04/04 — 2016/04/17
2016,ESL One法兰克福 2016,/event/192.html,已结束,2016/04/03 — 2016/06/21
2016,2016 CS:GO 世界锦标赛,/event/242.html,已结束,2016/04/01 — 2016/10/16
2016,2016 DOTA2好汉杯,/event/189.html,已结束,2016/04/01 — 2016/12/31
2016,2016 SL i-League 国际邀请赛 中国区预选赛,/event/190.html,已结束,2016/03/30 — 2016/04/24
2016,2016 MLG 哥伦布Major大赛,/event/186.html,已结束,2016/03/29 — 2016/04/03
2016,2016 CSL 全球攻势超级联赛,/event/187.html,已结束,2016/03/24 — 2016/09/18
2016,DOTA2梦幻联赛 第五赛季,/event/194.html,已结束,2016/03/21 — 2016/05/22
2016,WCA 2016 DOTA2全球总决赛,/event/183.html,已结束,2016/03/19 — 2016/12/18
2016,2016 WCA 中国区职业预选赛S1赛季,/event/185.html,已结束,2016/03/15 — 2016/05/22
2016,莫斯科震中杯DOTA2联赛,/event/184.html,已结束,2016/03/14 — 2016/05/15
2016,2016 IEM 卡托维兹站,/event/176.html,已结束,2016/03/04 — 2016/03/06
2016,2016 IEM 卡托维兹 超级大赛,/event/188.html,已结束,2016/03/03 — 2016/03/05
2016,Captains Draft3.0联赛,/event/179.html,已结束,2016/02/12 — 2016/02/17
2016,ESL One2016 马尼拉站,/event/180.html,已结束,2016/02/06 — 2016/04/24
2016,DOTA PIT联赛第四赛季,/event/181.html,已结束,2016/02/05 — 2016/03/20
2016,2015 MDL冬季赛,/event/175.html,已结束,2016/01/20 — 2016/01/31
2016,WePlay 第三赛季,/event/182.html,已结束,2016/01/18 — 2016/05/01
2016,2016 LCS 北美春季赛,/event/169.html,已结束,2016/01/17 — 2016/03/19
2016,SL13_i-League_StarSeries,/event/174.html,已结束,2016/01/15 — 2016/01/17
2016,2016 LCS 欧洲春季赛,/event/170.html,已结束,2016/01/15 — 2016/04/28
2016,2016 LMS 港澳台春季联赛,/event/173.html,已结束,2016/01/14 — 2016/03/27
2016,2016 LPL 春季赛,/event/165.html,已结束,2016/01/14 — 2016/04/28
2016,2016 LCK 韩国春季赛,/event/172.html,已结束,2016/01/13 — 2016/04/23
2016,2016 DOTA2上海特级锦标赛,/event/171.html,已结束,2016/01/07 — 2016/03/06
2016,上海DOTA2公开赛,/event/168.html,已结束,2016/01/01 — 2016/01/03
2017,德玛西亚杯青岛站,/event/573.html,已结束,2017/12/26 — 2017/12/31
2017,春节联欢晚会集中讨论吐槽,/event/571.html,已结束,2017/12/19 — 2017/12/20
2017,2017BGF中国区预选赛,/event/568.html,已结束,2017/12/15 — 2017/12/18
2017,ECS 第四赛季 总决赛,/event/567.html,已结束,2017/12/15 — 2017/12/18
2017,2017NESO总决赛,/event/569.html,已结束,2017/12/15 — 2017/12/17
2017,2017全明星赛,/event/564.html,已结束,2017/12/08 — 2017/12/11
2017,2017全明星赛SOLO赛,/event/565.html,已结束,2017/12/08 — 2017/12/12
2017,ROG 大师赛 2017 总决赛,/event/566.html,已结束,2017/12/07 — 2017/12/10
2017,守望先锋联赛S1,/event/552.html,已结束,2017/12/06 — 2018/08/13
2017,ESL 职业联赛 S6 总决赛,/event/562.html,已结束,2017/12/05 — 2017/12/11
2017,CSL 2017总决赛,/event/563.html,已结束,2017/12/02 — 2017/12/04
2017,DH 冬季公开赛 2017,/event/561.html,已结束,2017/12/01 — 2017/12/04
2017,BLAST 职业系列赛 哥本哈根站 2017,/event/557.html,已结束,2017/11/25 — 2017/11/27
2017,2017韩国电竞协会杯,/event/560.html,已结束,2017/11/20 — 2017/12/02
2017,完美大师赛Minor,/event/559.html,已结束,2017/11/19 — 2017/11/26
2017,IEM 奥克兰站 2017,/event/553.html,已结束,2017/11/14 — 2017/11/20
2017,iBUYPOWER 大师赛 2017,/event/556.html,已结束,2017/11/12 — 2017/11/14
2017,第四届队长征召模式联赛,/event/555.html,已结束,2017/11/08 — 2018/01/07
2017,TS巅峰联赛,/event/554.html,已结束,2017/11/08 — 2017/12/17
2017,SLi CSGO上海邀请赛,/event/551.html,已结束,2017/11/02 — 2017/11/06
2017,亚洲锦标赛 ELEAGUE Major 2018,/event/549.html,已结束,2017/10/26 — 2017/10/30
2017,震中杯 2017,/event/548.html,已结束,2017/10/24 — 2017/10/30
2017,震中杯 2017 外卡资格赛,/event/547.html,已结束,2017/10/23 — 2017/10/24
2017,全明星表演赛,/event/550.html,已结束,2017/10/20 — 2017/10/22
2017,2017APAC泛亚太锦标赛,/event/545.html,已结束,2017/10/19 — 2017/10/29
2017,OGN首尔邀请赛,/event/546.html,已结束,2017/10/15 — 2017/10/16
2017,ECS 第四赛季北美区预选赛,/event/544.html,已结束,2017/10/06 — 2017/11/25
2017,ECS 第四赛季欧洲区预选赛,/event/543.html,已结束,2017/10/06 — 2017/11/25
2017,2017 全球总决赛,/event/535.html,已结束,2017/10/04 — 2017/11/04
2017,WUCG 世界大学生电子竞技联赛,/event/539.html,已结束,2017/09/29 — 2017/12/01
2017,AMD Sapphire蓝宝石DOTA PIT深渊联赛,/event/542.html,已结束,2017/09/29 — 2017/11/05
2017,世界大学生电子竞技联赛,/event/538.html,已结束,2017/09/28 — 2017/12/01
2017,PERFECT WORLD MASTERS,/event/541.html,已结束,2017/09/27 — 2017/11/27
2017,2017 全球总决赛 入围赛,/event/532.html,已结束,2017/09/23 — 2017/09/29
2017,2017年 KPL秋季赛,/event/533.html,已结束,2017/09/21 — 2017/12/23
2017,ESL One Major,/event/540.html,已结束,2017/09/18 — 2017/10/29
2017,SLi国际邀请赛S3,/event/534.html,已结束,2017/09/18 — 2017/10/15
2017,ESL One 纽约站 2017,/event/377.html,已结束,2017/09/16 — 2017/09/18
2017,PGL Minor,/event/536.html,已结束,2017/09/15 — 2017/10/26
2017,2018 LCK 春季升降级赛,/event/523.html,已结束,2017/09/12 — 2017/09/16
2017,2017 LCS NA S7资格赛,/event/528.html,已结束,2017/09/09 — 2017/09/11
2017,ELeague CS：GO Premier 2017,/event/526.html,已结束,2017/09/08 — 2017/10/14
2017,2017 LCS EU S7资格赛,/event/527.html,已结束,2017/09/08 — 2017/09/10
2017,NEST2017全国电子竞技大赛,/event/529.html,已结束,2017/09/07 — 2017/11/30
2017,2017BPL秋季赛,/event/530.html,已结束,2017/09/07 — 2017/11/28
2017,WESG 2017 中国总决赛,/event/531.html,已结束,2017/09/07 — 2017/09/11
2017,ESG 巡回赛 米克诺斯站 2017,/event/525.html,已结束,2017/09/07 — 2017/09/11
2017,2017 LPL S7资格赛,/event/522.html,已结束,2017/09/02 — 2017/09/04
2017,DreamHack  大师赛  马尔默站 2017,/event/506.html,已结束,2017/08/30 — 2017/09/04
2017,2017LCK S7资格赛,/event/509.html,已结束,2017/08/28 — 2017/09/02
2017,2017 LMS S7资格赛,/event/517.html,已结束,2017/08/26 — 2017/08/28
2017,OTS第三赛季,/event/521.html,已结束,2017/08/25 — 2017/11/16
2017,ESL 职业联赛 S6 北美区预选赛,/event/508.html,已结束,2017/08/22 — 2017/11/12
2017,ESL 职业联赛 S6 欧洲区预选赛,/event/507.html,已结束,2017/08/22 — 2017/11/12
2017,OWC第一赛季-欧洲,/event/516.html,已结束,2017/08/19 — 2017/10/09
2017,OWC第一赛季-北美,/event/515.html,已结束,2017/08/19 — 2017/10/09
2017,ESL One 纽约站 2017 欧洲区封闭资格赛,/event/512.html,已结束,2017/08/19 — 2017/08/21
2017,CSL 2017 夏季赛线下总决赛,/event/505.html,已结束,2017/08/19 — 2017/08/21
2017,太平洋锦标赛第二赛季,/event/511.html,已结束,2017/08/18 — 2017/10/08
2017,2018 EU LCS 春季升降级赛,/event/510.html,已结束,2017/08/17 — 2017/08/26
2017,守望先锋巴西锦标赛,/event/520.html,已结束,2017/08/16 — 2017/10/06
2017,《守望先锋》APEX第四赛季,/event/500.html,已结束,2017/08/11 — 2017/10/22
2017,WESG中国区总决赛,/event/524.html,已结束,2017/08/07 — 2017/09/10
2017,TI7国际邀请赛,/event/504.html,已结束,2017/08/03 — 2017/08/14
2017,《守望先锋》Solo王第二季,/event/503.html,已结束,2017/07/31 — 2017/08/09
2017,OWPS夏季赛,/event/499.html,已结束,2017/07/27 — 2017/10/14
2017,2017王者冠军杯,/event/498.html,已结束,2017/07/26 — 2017/08/19
2017,塔坦杯精英挑战赛,/event/497.html,已结束,2017/07/22 — 2017/07/24
2017,PGL Major 克拉科夫 2017,/event/495.html,已结束,2017/07/16 — 2017/07/24
2017,2017世界杯,/event/449.html,已结束,2017/07/14 — 2017/11/07
2017,使命召唤OL冠军联赛 S2,/event/491.html,已结束,2017/07/09 — 2017/09/23
2017,时空杯2017夏季赛,/event/492.html,已结束,2017/07/08 — 2017/08/01
2017,CSL 夏季赛 2017 线上预选赛,/event/488.html,已结束,2017/07/06 — 2017/08/06
2017,2017俄土对抗赛,/event/489.html,已结束,2017/07/06 — 2017/07/12
2017,2017南美对抗赛,/event/486.html,已结束,2017/07/06 — 2017/07/11
2017,2017欧美对抗赛,/event/478.html,已结束,2017/07/05 — 2017/07/10
2017,2017 ESL One 科隆站,/event/374.html,已结束,2017/07/04 — 2017/07/11
2017,2017太平洋对抗赛,/event/485.html,已结束,2017/07/03 — 2017/07/06
2017,2017亚洲对抗赛,/event/457.html,已结束,2017/07/01 — 2017/07/10
2017,PGL Major 克拉科夫 2017资格赛,/event/483.html,已结束,2017/06/29 — 2017/07/03
2017,TI7中国区预选赛,/event/482.html,已结束,2017/06/27 — 2017/06/30
2017,ECS 第三赛季线下总决赛,/event/477.html,已结束,2017/06/23 — 2017/06/26
2017,2017年 KPL秋季预选赛,/event/473.html,已结束,2017/06/19 — 2017/06/30
2017,Adrenaline 网络联赛 2017,/event/472.html,已结束,2017/06/18 — 2017/06/20
2017,ELEAGUE Clash for Cash,/event/471.html,已结束,2017/06/17 — 2017/06/17
2017,2017 DreamHack 夏季公开赛,/event/371.html,已结束,2017/06/17 — 2017/06/19
2017,DOTA2银河杯,/event/468.html,已结束,2017/06/14 — 2017/06/18
2017,OWC第0赛季-欧洲,/event/502.html,已结束,2017/06/09 — 2017/07/01
2017,2017 LPL 夏季赛,/event/466.html,已结束,2017/06/08 — 2017/08/31
2017,2017 LSPL 夏季赛,/event/467.html,已结束,2017/06/06 — 2017/08/16
2017,2017 LCS 北美夏季赛,/event/460.html,已结束,2017/06/03 — 2017/08/07
2017,2017 LMS 港澳台夏季赛,/event/465.html,已结束,2017/06/02 — 2017/08/06
2017,OWC第0赛季-北美,/event/501.html,已结束,2017/06/02 — 2017/07/01
2017,2017 LCS 欧洲夏季赛,/event/463.html,已结束,2017/06/01 — 2017/08/14
2017,PGL Minor 亚洲锦标赛,/event/462.html,已结束,2017/06/01 — 2017/06/05
2017,ESL 职业联赛 S5 总决赛,/event/456.html,已结束,2017/05/31 — 2017/06/05
2017,2017 LCK 韩国夏季赛,/event/459.html,已结束,2017/05/30 — 2017/08/20
2017,DOTA2索泰杯,/event/464.html,已结束,2017/05/30 — 2017/06/03
2017,CSL 2017 春季赛线下总决赛,/event/455.html,已结束,2017/05/27 — 2017/05/29
2017,马尼拉大师赛,/event/458.html,已结束,2017/05/25 — 2017/06/03
2017,德玛西亚杯长沙站,/event/454.html,已结束,2017/05/23 — 2017/06/05
2017,ESL 北美第五赛季升降级联赛,/event/452.html,已结束,2017/05/17 — 2017/05/19
2017,ESL 欧洲第五赛季升降级联赛,/event/451.html,已结束,2017/05/17 — 2017/05/19
2017,WCA赛事平台精英赛,/event/453.html,已结束,2017/05/15 — 2017/06/19
2017,PGL亚洲Minor中国区预选赛,/event/450.html,已结束,2017/05/12 — 2017/05/15
2017,2017 MSI 季中冠军赛,/event/442.html,已结束,2017/05/11 — 2017/05/22
2017,OTS第二赛季,/event/447.html,已结束,2017/05/09 — 2017/07/03
2017,MDL2017国际精英邀请赛,/event/446.html,已结束,2017/05/08 — 2017/05/15
2017,震中杯DOTA2联赛,/event/445.html,已结束,2017/05/06 — 2017/06/30
2017,CyberPowerPC邀请赛,/event/443.html,已结束,2017/05/06 — 2017/05/08
2017,2017 DreamHack 图尔公开赛,/event/370.html,已结束,2017/05/05 — 2017/05/08
2017,2017 IEM 悉尼站,/event/407.html,已结束,2017/05/03 — 2017/05/07
2017,2017 MSI 入围赛,/event/439.html,已结束,2017/04/29 — 2017/05/08
2017,2017 DreamHack 奥斯汀公开赛,/event/369.html,已结束,2017/04/28 — 2017/04/30
2017,2017球球大作战职业联赛（BPL）春季赛,/event/481.html,已结束,2017/04/27 — 2017/06/12
2017,2016球球大作战职业联赛（BPL）,/event/479.html,已结束,2017/04/27 — 2017/06/12
2017,2017 LCK 升降级赛,/event/437.html,已结束,2017/04/25 — 2017/04/30
2017,CSL 春季赛 2017,/event/434.html,已结束,2017/04/20 — 2017/05/20
2017,cs_summit 2017,/event/420.html,已结束,2017/04/19 — 2017/04/23
2017,2017 LPL 升降级赛,/event/430.html,已结束,2017/04/19 — 2017/04/21
2017,Rivalcade Overwatch Rumble,/event/435.html,已结束,2017/04/18 — 2017/04/24
2017,ECS 第三赛季北美区预选赛,/event/448.html,已结束,2017/04/14 — 2017/06/08
2017,ECS 第三赛季欧洲区预选赛,/event/441.html,已结束,2017/04/14 — 2017/06/08
2017,守望先锋外星人月赛4月,/event/426.html,已结束,2017/04/14 — 2017/04/16
2017,2017 GPL 东南亚 春季赛,/event/440.html,已结束,2017/04/12 — 2017/04/16
2017,《守望先锋》APEX第三赛季,/event/438.html,已结束,2017/04/11 — 2017/07/29
2017,2017 SLi国际邀请赛S2,/event/431.html,已结束,2017/04/11 — 2017/05/22
2017,WCA中国区预选赛,/event/429.html,已结束,2017/04/10 — 2017/05/09
2017,Pacific太平洋联赛,/event/427.html,已结束,2017/04/08 — 2017/07/10
2017,TS7巅峰联赛,/event/444.html,已结束,2017/04/06 — 2017/06/18
2017,SL i-League 群星联赛S3 总决赛,/event/409.html,已结束,2017/04/04 — 2017/04/09
2017,2017 LCL 校际精英赛-长沙站,/event/418.html,已结束,2017/03/25 — 2017/05/02
2017,IEM悉尼站中国&蒙古区预选赛 2017,/event/419.html,已结束,2017/03/25 — 2017/03/30
2017,2017年 KPL春季赛,/event/416.html,已结束,2017/03/24 — 2017/07/09
2017,中国Dota2职业联赛,/event/417.html,已结束,2017/03/18 — 2017/05/01
2017,2017 China Cup,/event/406.html,已结束,2017/03/17 — 2017/03/19
2017,守望先锋PIT冠军赛,/event/428.html,已结束,2017/03/15 — 2017/04/16
2017,2017 雷蛇新星联赛东南亚赛区,/event/410.html,已结束,2017/03/07 — 2017/03/09
2017,OWPS春季赛,/event/405.html,已结束,2017/03/06 — 2017/06/24
2017,2017基辅特锦赛,/event/411.html,已结束,2017/03/01 — 2017/04/30
2017,2017 IEM 卡托维兹站,/event/368.html,已结束,2017/03/01 — 2017/03/05
2017,斗鱼NGACUP第三赛季,/event/403.html,已结束,2017/02/27 — 2017/03/15
2017,守望先锋时空杯春季赛,/event/401.html,已结束,2017/02/22 — 2017/03/16
2017,2017 IEM 卡托维兹站,/event/400.html,已结束,2017/02/22 — 2017/02/28
2017,SL i-League S3 中国区预选赛（总决赛）,/event/392.html,已结束,2017/02/21 — 2017/02/28
2017,守望先锋麦斯杯系列赛第二赛季,/event/402.html,已结束,2017/02/18 — 2017/03/26
2017,2017 DreamHack 拉斯维加斯站,/event/342.html,已结束,2017/02/15 — 2017/02/19
2017,DOTA2冠军联赛D2CL S10,/event/398.html,已结束,2017/02/14 — 2017/02/21
2017,Wellplay邀请赛S7赛季,/event/394.html,已结束,2017/02/14 — 2017/02/20
2017,SL i-League S3 北美预选赛,/event/396.html,已结束,2017/02/13 — 2017/03/21
2017,淘汰模式第三赛季,/event/393.html,已结束,2017/02/11 — 2017/02/17
2017,SL i-League S3 欧洲预选赛,/event/395.html,已结束,2017/02/10 — 2017/03/21
2017,ESL 职业联赛 S5 北美区预选赛,/event/381.html,已结束,2017/02/07 — 2017/05/12
2017,ESL 职业联赛 S5 欧洲区预选赛,/event/379.html,已结束,2017/02/07 — 2017/05/12
2017,Hellcase Cup 2,/event/397.html,已结束,2017/02/06 — 2017/02/13
2017,2017 LCL 独联体 春季赛,/event/408.html,已结束,2017/01/28 — 2017/04/30
2017,2017 ELEAGUE Major 正赛,/event/341.html,已结束,2017/01/22 — 2017/01/29
2017,2017 LMS 港澳台春季联赛,/event/347.html,已结束,2017/01/21 — 2017/04/09
2017,2017 CBL 巴西夏季赛,/event/404.html,已结束,2017/01/21 — 2017/04/30
2017,2017 LCS 北美春季赛,/event/350.html,已结束,2017/01/21 — 2017/04/24
2017,2017 OPL 春季赛,/event/432.html,已结束,2017/01/21 — 2017/04/02
2017,2017 TCL 土耳其冬季赛,/event/436.html,已结束,2017/01/21 — 2017/03/13
2017,2017 LJL 春季赛,/event/399.html,已结束,2017/01/20 — 2017/04/02
2017,2017 LCS 欧洲春季赛,/event/351.html,已结束,2017/01/19 — 2017/05/10
2017,2017 CLS 南拉丁美洲 春季赛,/event/423.html,已结束,2017/01/19 — 2017/04/30
2017,2017 LPL 春季赛,/event/348.html,已结束,2017/01/19 — 2017/04/29
2017,ESL 欧洲第四赛季升降级联赛,/event/391.html,已结束,2017/01/18 — 2017/01/18
2017,2017 LCK 韩国春季赛,/event/349.html,已结束,2017/01/17 — 2017/05/13
2017,2017 LSPL 春季赛,/event/366.html,已结束,2017/01/17 — 2017/05/10
2017,《守望先锋》APEX第二赛季,/event/387.html,已结束,2017/01/17 — 2017/04/09
2017,ESL 北美第四赛季升降级联赛,/event/390.html,已结束,2017/01/17 — 2017/01/18
2017,2017 LLN 北拉丁美洲 春季赛,/event/422.html,已结束,2017/01/16 — 2017/04/30
2017,2017 IEM 卡托维兹 欧洲区公开赛 第一阶段,/event/389.html,已结束,2017/01/16 — 2017/01/17
2017,Dreamhack Masters 拉斯维加斯北美区预选赛,/event/364.html,已结束,2017/01/15 — 2017/01/16
2017,DreamHack 莱比锡公开赛 2017,/event/360.html,已结束,2017/01/13 — 2017/01/16
2017,第二届DOTA2亚洲邀请赛,/event/367.html,已结束,2017/01/12 — 2017/04/04
2017,2016 WESG 世界总决赛,/event/340.html,已结束,2017/01/12 — 2017/01/15
2017,SL i-League S3 中国区预选赛,/event/363.html,已结束,2017/01/10 — 2017/01/17
2017,Dreamhack Masters 拉斯维加斯 欧洲区预选赛,/event/356.html,已结束,2017/01/09 — 2017/01/10
2017,2017 ESEA Season 23 全球挑战赛,/event/357.html,已结束,2017/01/06 — 2017/01/09
2018,2018王者荣耀冬季冠军杯,/event/765.html,已结束,2018/12/28 — 2019/01/13
2018,2018 德玛西亚杯西安站,/event/744.html,已结束,2018/12/20 — 2018/12/23
2018,守望先锋NeXT冬季赛2018,/event/764.html,已结束,2018/12/18 — 2019/01/25
2018,2018 韩国电竞协会杯,/event/750.html,已结束,2018/12/18 — 2018/12/31
2018,BLAST 职业系列赛 里斯本站 2018,/event/752.html,已结束,2018/12/15 — 2018/12/17
2018,中国DOTA2冬季杯,/event/763.html,已结束,2018/12/13 — 2018/12/15
2018,PLG Grand Slam 2018,/event/751.html,已结束,2018/12/13 — 2018/12/16
2018,2018 G联赛,/event/746.html,已结束,2018/12/12 — 2019/01/20
2018,MegaFon冬季冲突赛,/event/756.html,已结束,2018/12/07 — 2018/12/09
2018,2018 全明星1v1淘汰赛,/event/749.html,已结束,2018/12/07 — 2018/12/09
2018,2018 全明星赛,/event/747.html,已结束,2018/12/07 — 2018/12/09
2018,ESL 职业联赛 S8 总决赛,/event/748.html,已结束,2018/12/04 — 2018/12/10
2018,CSGO马耳他超新星赛,/event/742.html,已结束,2018/11/29 — 2018/12/02
2018,重庆Major中国区预选赛,/event/745.html,已结束,2018/11/28 — 2018/11/30
2018,ECS 第六赛季 总决赛,/event/741.html,已结束,2018/11/22 — 2018/11/26
2018,DPL职业联赛第二赛季,/event/732.html,已结束,2018/11/21 — 2018/12/30
2018,丰田大师赛曼谷站2018,/event/740.html,已结束,2018/11/20 — 2018/11/25
2018,2019年 KPL春季预选赛,/event/743.html,已结束,2018/11/19 — 2018/11/28
2018,OC 中国赛区 S3,/event/739.html,已结束,2018/11/17 — 2018/12/16
2018,2018 NEST 全国电子竞技大赛,/event/713.html,已结束,2018/11/15 — 2018/11/18
2018,IEM 芝加哥站 2018,/event/737.html,已结束,2018/11/06 — 2018/11/12
2018,2018年暴雪嘉年华OW世界杯,/event/736.html,已结束,2018/11/03 — 2018/11/04
2018,BLAST 职业系列赛 哥本哈根站 2018,/event/735.html,已结束,2018/11/02 — 2018/11/04
2018,cs_summit 3,/event/734.html,已结束,2018/11/02 — 2018/11/05
2018,梦幻联赛S10,/event/731.html,已结束,2018/10/29 — 2018/11/05
2018,ESL One 汉堡站 2018,/event/727.html,已结束,2018/10/23 — 2018/10/29
2018,2018KRKPL秋季赛,/event/726.html,已结束,2018/10/22 — 2018/12/01
2018,震中杯 2018,/event/725.html,已结束,2018/10/22 — 2018/10/29
2018,2018 S8全球总决赛,/event/717.html,已结束,2018/10/08 — 2018/11/03
2018,SL-i 群星联赛 S6,/event/723.html,已结束,2018/10/07 — 2018/10/14
2018,ECS 第六赛季 北美区预选赛,/event/722.html,已结束,2018/10/03 — 2018/11/08
2018,ECS 第六赛季 欧洲区预选赛,/event/721.html,已结束,2018/10/03 — 2018/11/08
2018,ESL 职业联赛 S8 北美区预选赛,/event/720.html,已结束,2018/10/02 — 2018/11/15
2018,ESL 职业联赛 S8 欧洲区预选赛,/event/719.html,已结束,2018/10/02 — 2018/11/15
2018,WESG2018中国总决赛,/event/718.html,已结束,2018/10/01 — 2018/10/03
2018,2018 S8全球总决赛 入围赛,/event/716.html,已结束,2018/10/01 — 2018/10/07
2018,BLAST 职业系列赛 伊斯坦布尔站 2018,/event/715.html,已结束,2018/09/28 — 2018/09/30
2018,ESL One 纽约站 2018,/event/714.html,已结束,2018/09/26 — 2018/10/01
2018,2018 LMS S8资格赛,/event/711.html,已结束,2018/09/20 — 2018/09/22
2018,2019 LCK 夏季升降级赛,/event/712.html,已结束,2018/09/18 — 2018/09/22
2018,吉隆坡Major,/event/710.html,已结束,2018/09/17 — 2018/11/19
2018,2018 LPL S8资格赛,/event/709.html,已结束,2018/09/15 — 2018/09/16
2018,2018 LCS欧洲S8资格赛,/event/708.html,已结束,2018/09/15 — 2018/09/17
2018,2018 LCS北美S8资格赛,/event/707.html,已结束,2018/09/15 — 2018/09/17
2018,2018 LCK S8资格赛,/event/705.html,已结束,2018/09/12 — 2018/09/16
2018,2018KPL秋季赛,/event/704.html,已结束,2018/09/12 — 2018/12/23
2018,Faceit Major 2018,/event/702.html,已结束,2018/09/05 — 2018/09/24
2018,DH 大师赛 斯德哥尔摩站 2018,/event/699.html,已结束,2018/08/29 — 2018/09/03
2018,王者荣耀国际版（AoV）亚运会,/event/701.html,已结束,2018/08/25 — 2018/08/27
2018,2018索泰大师赛,/event/698.html,已结束,2018/08/24 — 2018/08/27
2018,TI8国际邀请赛,/event/695.html,已结束,2018/08/15 — 2018/08/26
2018,IEM 上海站 2018,/event/693.html,已结束,2018/08/01 — 2018/08/06
2018,2018 王者荣耀冠军杯 国际邀请赛,/event/690.html,已结束,2018/08/01 — 2018/08/12
2018,dota Summit 9巅峰联赛,/event/691.html,已结束,2018/07/24 — 2018/07/30
2018,ELEAGUE CS:GO Premier 2018,/event/688.html,已结束,2018/07/21 — 2018/07/30
2018,欧洲Minor-Faceit Major 2018,/event/664.html,已结束,2018/07/19 — 2018/07/23
2018,2018年 KPL秋季预选赛,/event/685.html,已结束,2018/07/16 — 2018/07/27
2018,亚洲Minor-Faceit Major 2018,/event/663.html,已结束,2018/07/16 — 2018/07/21
2018,CIS地区Minor-Faceit Major 2018,/event/665.html,已结束,2018/07/10 — 2018/07/14
2018,美洲Minor-Faceit Major 2018,/event/661.html,已结束,2018/07/07 — 2018/07/12
2018,2018 欧美对抗赛,/event/660.html,已结束,2018/07/06 — 2018/07/11
2018,2018 亚洲对抗赛,/event/655.html,已结束,2018/07/05 — 2018/07/09
2018,ESL One 科隆站 2018,/event/656.html,已结束,2018/07/03 — 2018/07/09
2018,OWC 中国赛区 S2,/event/659.html,已结束,2018/07/01 — 2018/08/31
2018,LOL亚运会,/event/658.html,已结束,2018/06/30 — 2018/09/04
2018,2018 LDL 夏季赛,/event/657.html,已结束,2018/06/29 — 2018/09/15
2018,2018 LMS 夏季赛,/event/648.html,已结束,2018/06/23 — 2018/09/01
2018,2018 冠军杯预选赛,/event/689.html,已结束,2018/06/19 — 2018/07/21
2018,TI8中国区预选赛,/event/652.html,已结束,2018/06/18 — 2018/06/22
2018,2018 LCS 北美夏季赛,/event/638.html,已结束,2018/06/17 — 2018/09/10
2018,2018 LCS 欧洲夏季赛,/event/643.html,已结束,2018/06/15 — 2018/09/09
2018,2018 俄罗斯世界杯,/event/651.html,已结束,2018/06/14 — 2018/07/16
2018,2018 CS:GO亚洲邀请赛,/event/629.html,已结束,2018/06/14 — 2018/06/18
2018,ESL One 贝洛奥里藏特站 2018,/event/649.html,已结束,2018/06/13 — 2018/06/18
2018,2018 LCK夏季赛,/event/644.html,已结束,2018/06/12 — 2018/09/01
2018,2018 LPL夏季赛,/event/645.html,已结束,2018/06/11 — 2018/09/01
2018,ECS Season 5 Finals,/event/646.html,已结束,2018/06/08 — 2018/06/11
2018,China Dota2 Super Major,/event/625.html,已结束,2018/06/03 — 2018/06/11
2018,德玛西亚杯珠海站,/event/640.html,已结束,2018/05/31 — 2018/06/04
2018,SL-i 群星联赛 S5,/event/639.html,已结束,2018/05/28 — 2018/06/04
2018,Adrenaline 网络联赛 2018,/event/636.html,已结束,2018/05/23 — 2018/05/25
2018,ESL One伯明翰MAJOR,/event/622.html,已结束,2018/05/22 — 2018/05/28
2018,DreamHack  公开赛 图尔站 2018,/event/635.html,已结束,2018/05/19 — 2018/05/21
2018,2018 MDL长沙major,/event/624.html,已结束,2018/05/14 — 2018/05/21
2018,ESL 职业联赛 S7 总决赛,/event/615.html,已结束,2018/05/14 — 2018/05/21
2018,2018 MSI 季中冠军赛,/event/626.html,已结束,2018/05/11 — 2018/05/20
2018,GESC：泰国联赛,/event/621.html,已结束,2018/05/09 — 2018/05/13
2018,2018 MSI 入围赛,/event/623.html,已结束,2018/05/03 — 2018/05/10
2018,IEM 悉尼站 2018,/event/614.html,已结束,2018/05/01 — 2018/05/07
2018,2018震中杯MAJOR,/event/604.html,已结束,2018/04/27 — 2018/05/08
2018,DreamHack  大师赛 马赛站 2018,/event/611.html,已结束,2018/04/18 — 2018/04/23
2018,2018 LCK 升降级赛,/event/616.html,已结束,2018/04/17 — 2018/04/22
2018,UZI 2000杀,/event/613.html,已结束,2018/04/12 — 2018/04/20
2018,SLi国际邀请赛S5,/event/612.html,已结束,2018/04/12 — 2018/04/16
2018,CS:GO亚洲巅峰赛 2018,/event/606.html,已结束,2018/04/01 — 2018/04/03
2018,使命召唤OL冠军联赛 S3,/event/607.html,已结束,2018/03/31 — 2018/06/09
2018,2018DAC亚洲邀请赛,/event/598.html,已结束,2018/03/29 — 2018/04/07
2018,V4 Future Sports Festival,/event/603.html,已结束,2018/03/23 — 2018/03/26
2018,SLi CS:GO 重庆·北碚邀请赛,/event/599.html,已结束,2018/03/23 — 2018/03/26
2018,2018年KPL春季赛,/event/592.html,已结束,2018/03/21 — 2018/07/08
2018,DOTA2梦幻联赛S9,/event/600.html,已结束,2018/03/21 — 2018/03/25
2018,OWC 中国赛区 S1,/event/595.html,已结束,2018/03/16 — 2018/05/13
2018,GESC：印度尼西亚联赛,/event/596.html,已结束,2018/03/15 — 2018/03/18
2018,ECS 第五赛季 北美区预选赛,/event/594.html,已结束,2018/03/14 — 2018/05/14
2018,ECS 第五赛季 欧洲区预选赛,/event/593.html,已结束,2018/03/14 — 2018/05/14
2018,WESG 2017 世界总决赛,/event/591.html,已结束,2018/03/13 — 2018/03/18
2018,PGL布加勒斯特,/event/590.html,已结束,2018/03/04 — 2018/03/11
2018,2018 LDL春季赛,/event/589.html,已结束,2018/03/03 — 2018/05/15
2018,IEM 卡托维兹站 2018,/event/587.html,已结束,2018/02/27 — 2018/03/05
2018,SL-i 群星联赛 S4,/event/585.html,已结束,2018/02/17 — 2018/02/26
2018,ESL 职业联赛 S7 北美区预选赛,/event/588.html,已结束,2018/02/13 — 2018/04/26
2018,ESL 职业联赛 S7 欧洲区预选赛,/event/586.html,已结束,2018/02/13 — 2018/04/26
2018,cs_summit 2,/event/584.html,已结束,2018/02/09 — 2018/02/12
2018,2018 LCS 欧洲春季赛,/event/581.html,已结束,2018/01/21 — 2018/03/31
2018,2018 LCS 北美春季赛,/event/572.html,已结束,2018/01/21 — 2018/03/19
2018,2018 LMS 春季赛,/event/583.html,已结束,2018/01/20 — 2018/04/20
2018,2018 LCK春季赛,/event/580.html,已结束,2018/01/16 — 2018/05/01
2018,2018 LPL春季赛,/event/579.html,已结束,2018/01/15 — 2018/04/24
2018,ELEAGUE Major 2018,/event/575.html,已结束,2018/01/12 — 2018/01/29
2018,2017BGF小组赛,/event/582.html,已结束,2018/01/12 — 2018/02/10
2018,2018年 KPL春季预选赛,/event/577.html,已结束,2018/01/01 — 2018/01/12
2019,KeSPA杯2019,/event/905.html,已结束,2019/12/23 — 2020/01/05
2019,2019年王者荣耀冬季冠军杯,/event/902.html,已结束,2019/12/21 — 2020/01/04
2019,2019德玛西亚杯,/event/898.html,已结束,2019/12/21 — 2019/12/29
2019,ONE Esports世界职业邀请赛,/event/904.html,已结束,2019/12/17 — 2019/12/22
2019,EPICENTER 2019,/event/903.html,已结束,2019/12/17 — 2019/12/23
2019,cs_summit 5,/event/900.html,已结束,2019/12/12 — 2019/12/16
2019,BLAST Pro Series Global Final 2019,/event/899.html,已结束,2019/12/12 — 2019/12/15
2019,NEST Pro Series总决赛,/event/895.html,已结束,2019/12/12 — 2019/12/15
2019,2019KPL席位赛,/event/897.html,已结束,2019/12/07 — 2019/12/10
2019,2019全明星赛SOLO赛,/event/894.html,已结束,2019/12/06 — 2019/12/08
2019,2019英雄联盟全明星赛,/event/893.html,已结束,2019/12/06 — 2019/12/08
2019,2019冬季赛·预选赛,/event/891.html,已结束,2019/12/03 — 2019/12/04
2019,ESL Pro League Season 10 Finals,/event/889.html,已结束,2019/12/03 — 2019/12/09
2019,梦幻联赛S13中国区预选赛,/event/890.html,已结束,2019/12/01 — 2019/12/04
2019,2019LPL全明星周末,/event/887.html,已结束,2019/11/30 — 2019/12/01
2019,ECS Season 8 Finals,/event/888.html,已结束,2019/11/28 — 2019/12/02
2019,2019 CS:GO亚洲邀请赛,/event/884.html,已结束,2019/11/20 — 2019/11/25
2019,MDL 成都Major,/event/885.html,已结束,2019/11/16 — 2019/11/24
2019,JBO杯亚洲大师赛第二季,/event/882.html,已结束,2019/11/11 — 2019/11/16
2019,Dota2巅峰联赛 S11,/event/880.html,已结束,2019/11/08 — 2019/11/11
2019,IEM 北京站 2019,/event/881.html,已结束,2019/11/07 — 2019/11/11
2019,BLAST 职业系列赛 哥本哈根站 2019,/event/878.html,已结束,2019/11/01 — 2019/11/03
2019,SL-i 群星联赛 S8,/event/874.html,已结束,2019/10/21 — 2019/10/28
2019,2019极限之地中国区决赛,/event/875.html,已结束,2019/10/19 — 2019/10/21
2019,中国DOTA2职业联赛,/event/883.html,已结束,2019/10/17 — 2020/03/01
2019,2019 S9全球总决赛,/event/870.html,已结束,2019/10/12 — 2019/11/11
2019,2019 S9全球总决赛 入围赛,/event/869.html,已结束,2019/10/02 — 2019/10/09
2019,DH 大师赛 马尔默站 2019,/event/872.html,已结束,2019/10/01 — 2019/10/07
2019,ESL One 纽约站 2019,/event/871.html,已结束,2019/09/26 — 2019/09/30
2019,BLAST 职业系列赛 莫斯科站 2019,/event/868.html,已结束,2019/09/14 — 2019/09/16
2019,2019 LEC S9资格赛,/event/861.html,已结束,2019/09/14 — 2019/09/16
2019,2019年 KPL 秋季赛,/event/866.html,已结束,2019/09/11 — 2019/12/07
2019,2020 LCK 春季升降级赛,/event/867.html,已结束,2019/09/09 — 2019/09/12
2019,2019年 KRKPL 秋季赛,/event/864.html,已结束,2019/09/08 — 2019/10/31
2019,2019 LPL S9资格赛,/event/863.html,已结束,2019/09/07 — 2019/09/09
2019,2019 LCS S9资格赛,/event/860.html,已结束,2019/09/07 — 2019/09/10
2019,2019 LMS S9资格赛,/event/862.html,已结束,2019/09/06 — 2019/09/09
2019,2019 LCK S9资格赛,/event/859.html,已结束,2019/09/03 — 2019/09/08
2019,StarLadder Major 2019,/event/856.html,已结束,2019/08/23 — 2019/09/09
2019,Ti9国际邀请赛,/event/848.html,已结束,2019/08/15 — 2019/08/25
2019,StarLadder Major 2019 Minor Play-in,/event/855.html,已结束,2019/07/29 — 2019/07/30
2019,CIS Minor-StarLadder Major 2019,/event/854.html,已结束,2019/07/24 — 2019/07/29
2019,亚洲 Minor-StarLadder Major 2019,/event/851.html,已结束,2019/07/24 — 2019/07/29
2019,IEM 芝加哥站 2019,/event/853.html,已结束,2019/07/18 — 2019/07/22
2019,欧洲 Minor-StarLadder Major 2019,/event/850.html,已结束,2019/07/17 — 2019/07/22
2019,美洲 Minor-StarLadder Major 2019,/event/849.html,已结束,2019/07/17 — 2019/07/22
2019,BLAST 职业系列赛 洛杉矶站 2019,/event/844.html,已结束,2019/07/14 — 2019/07/16
2019,Ti9中国区预选赛,/event/840.html,已结束,2019/07/11 — 2019/07/15
2019,2019年王者荣耀世界冠军杯,/event/839.html,已结束,2019/07/10 — 2019/08/11
2019,2019 亚洲对抗赛,/event/830.html,已结束,2019/07/04 — 2019/07/08
2019,ESL One 科隆站 2019,/event/837.html,已结束,2019/07/02 — 2019/07/08
2019,OC 中国赛区 2019 S2,/event/838.html,已结束,2019/07/01 — 2019/07/30
2019,2019 欧美对抗赛,/event/836.html,已结束,2019/06/28 — 2019/06/30
2019,2019年 世冠杯KRKPL赛区预选赛,/event/835.html,已结束,2019/06/24 — 2019/07/02
2019,2019莫斯科震中杯Major,/event/828.html,已结束,2019/06/22 — 2019/07/01
2019,2019 LDL 夏季赛,/event/829.html,已结束,2019/06/19 — 2019/09/23
2019,ESL 职业联赛 S9 总决赛,/event/827.html,已结束,2019/06/18 — 2019/06/24
2019,2019 LMS 夏季赛,/event/826.html,已结束,2019/06/13 — 2019/09/01
2019,2019 LEC 夏季赛,/event/822.html,已结束,2019/06/08 — 2019/09/09
2019,2019年 世冠杯KPL赛区预选赛,/event/824.html,已结束,2019/06/06 — 2019/06/10
2019,ECS 第七赛季 总决赛,/event/823.html,已结束,2019/06/06 — 2019/06/10
2019,2019 LCK 夏季赛,/event/819.html,已结束,2019/06/05 — 2019/09/01
2019,2019 LCS 夏季赛,/event/820.html,已结束,2019/06/02 — 2019/08/27
2019,2019 LPL 夏季赛,/event/817.html,已结束,2019/06/01 — 2019/09/10
2019,DH 大师赛 达拉斯站 2019,/event/818.html,已结束,2019/05/29 — 2019/06/03
2019,2019年 KPL夏季预选赛,/event/821.html,已结束,2019/05/27 — 2019/06/02
2019,太平洋挑战赛,/event/816.html,已结束,2019/05/24 — 2019/05/26
2019,2019NESTOB全国电子竞技大赛,/event/815.html,已结束,2019/05/23 — 2019/05/25
2019,cs_summit 4,/event/814.html,已结束,2019/05/23 — 2019/05/26
2019,BLAST 职业系列赛 马德里站 2019,/event/813.html,已结束,2019/05/10 — 2019/05/12
2019,2019 MSI 季中冠军赛,/event/811.html,已结束,2019/05/10 — 2019/05/20
2019,MDL巴黎Disneyland®Major,/event/810.html,已结束,2019/05/04 — 2019/05/13
2019,2019 MSI 入围赛,/event/808.html,已结束,2019/05/01 — 2019/05/08
2019,IEM 悉尼站 2019,/event/812.html,已结束,2019/04/30 — 2019/05/06
2019,DOTA PIT Minor深渊联赛,/event/807.html,已结束,2019/04/22 — 2019/04/29
2019,2019NEST全国电子竞技大赛,/event/805.html,已结束,2019/04/22 — 2019/05/27
2019,2019LCK春季升降级赛,/event/803.html,已结束,2019/04/16 — 2019/04/22
2019,BLAST 职业系列赛 迈阿密站 2019,/event/802.html,已结束,2019/04/13 — 2019/04/15
2019,SL-i 群星联赛 S7,/event/799.html,已结束,2019/03/30 — 2019/04/08
2019,BLAST 职业系列赛 圣保罗站 2019,/event/798.html,已结束,2019/03/22 — 2019/03/24
2019,2019年KRKPL春季赛,/event/797.html,已结束,2019/03/18 — 2019/06/22
2019,OC 中国赛区 2019 S1,/event/796.html,已结束,2019/03/16 — 2019/05/26
2019,梦幻联赛斯德哥尔摩Major,/event/795.html,已结束,2019/03/14 — 2019/03/25
2019,WESG 2018 世界总决赛,/event/789.html,已结束,2019/03/11 — 2019/03/18
2019,SLi基辅Minor,/event/794.html,已结束,2019/03/07 — 2019/03/11
2019,2019年KPL春季赛,/event/793.html,已结束,2019/03/06 — 2019/06/15
2019,2019 LDL 春季赛,/event/791.html,已结束,2019/02/25 — 2019/05/12
2019,ESL One卡托维兹站 2019,/event/788.html,已结束,2019/02/19 — 2019/02/25
2019,OWL守望先锋联赛2019赛季,/event/787.html,已结束,2019/02/15 — 2019/08/25
2019,IEM 卡托维兹 Major 2019,/event/786.html,已结束,2019/02/13 — 2019/03/04
2019,梦幻联赛斯德哥尔摩Major中国区预选赛,/event/785.html,已结束,2019/02/01 — 2019/02/04
2019,IEM Katowice 2019 Minor Play-in,/event/784.html,已结束,2019/01/27 — 2019/01/28
2019,2019 LCS 春季赛,/event/761.html,已结束,2019/01/26 — 2019/05/11
2019,ELEAGUE CS:GO Invitational 2019,/event/782.html,已结束,2019/01/25 — 2019/01/28
2019,守望先锋NeXT冬季赛2018广州线下赛,/event/767.html,已结束,2019/01/24 — 2019/01/25
2019,亚洲Minor-IEM Katowice 2019,/event/776.html,已结束,2019/01/22 — 2019/01/26
2019,美洲Minor-IEM Katowice 2019,/event/774.html,已结束,2019/01/22 — 2019/01/26
2019,2019重庆Major,/event/783.html,已结束,2019/01/19 — 2019/01/27
2019,iBUYPOWER 大师赛 2019,/event/780.html,已结束,2019/01/19 — 2019/01/20
2019,2019 LEC 春季赛,/event/760.html,已结束,2019/01/18 — 2019/05/11
2019,2019 LMS 春季赛,/event/762.html,已结束,2019/01/17 — 2019/05/11
2019,CIS地区Minor-IEM Katowice 2019,/event/772.html,已结束,2019/01/16 — 2019/01/20
2019,欧洲Minor-IEM Katowice 2019,/event/770.html,已结束,2019/01/16 — 2019/01/20
2019,2019 LCK 春季赛,/event/759.html,已结束,2019/01/16 — 2019/04/13
2019,2019 LPL 春季赛,/event/758.html,已结束,2019/01/14 — 2019/04/20
2019,2019 布加勒斯特Minor,/event/768.html,已结束,2019/01/09 — 2019/01/14
2020,KeSPA杯2020,/event/1013.html,已结束,2020/12/21 — 2021/01/02
2020,2020德玛西亚杯,/event/1010.html,已结束,2020/12/21 — 2020/12/27
2020,2020英雄联盟全明星赛,/event/1012.html,已结束,2020/12/18 — 2020/12/20
2020,2020NEST全国电子竞技大赛,/event/1006.html,已结束,2020/11/09 — 2020/11/23
2020,2020 S10全球总决赛,/event/1003.html,已结束,2020/10/03 — 2020/10/31
2020,2020 S10全球总决赛 入围赛,/event/996.html,已结束,2020/09/25 — 2020/09/30
2020,2020 KPL 秋季赛,/event/995.html,已结束,2020/09/16 — 2020/12/19
2020,2020 KGL 秋季赛,/event/990.html,已结束,2020/09/13 — 2020/12/13
2020,2020 FUNSPARK ULTI 预选赛 - 亚洲,/event/994.html,已结束,2020/09/07 — 2020/10/14
2020,2020 LCK S10 资格赛,/event/989.html,已结束,2020/09/07 — 2020/09/09
2020,ESL 职业联赛 S12 - 欧洲,/event/993.html,已结束,2020/09/01 — 2020/10/04
2020,ESL 职业联赛 S12 - 北美,/event/992.html,已结束,2020/09/01 — 2020/09/27
2020,2020 LPL S10 资格赛,/event/985.html,已结束,2020/08/28 — 2020/08/30
2020,2020 ESL ONE 科隆 - 大洋洲,/event/987.html,已结束,2020/08/25 — 2020/08/30
2020,2020 ESL ONE 科隆 - 亚洲,/event/986.html,已结束,2020/08/25 — 2020/08/30
2020,2020 ESL ONE 科隆 - 欧洲,/event/981.html,已结束,2020/08/18 — 2020/08/31
2020,2020 ESL ONE 科隆 - 北美,/event/980.html,已结束,2020/08/18 — 2020/08/30
2020,2020 ESL One 泰国站 - 北美,/event/988.html,已结束,2020/08/09 — 2020/08/31
2020,2020 ESL One 泰国站 - 亚洲,/event/984.html,已结束,2020/08/09 — 2020/09/06
2020,2020 DreamHack 夏季公开赛 - 北美,/event/979.html,已结束,2020/08/08 — 2020/08/16
2020,2020 DreamHack 夏季公开赛 - 欧洲,/event/978.html,已结束,2020/08/08 — 2020/08/16
2020,2020 世界冠军杯,/event/974.html,已结束,2020/07/15 — 2020/08/16
2020,2020 世界冠军杯·选拔赛,/event/972.html,已结束,2020/06/22 — 2020/06/28
2020,2020 LCL 夏季赛,/event/973.html,已结束,2020/06/20 — 2020/08/30
2020,2020 LLA 闭幕赛,/event/971.html,已结束,2020/06/20 — 2020/08/29
2020,2020 PCS 夏季赛,/event/970.html,已结束,2020/06/20 — 2020/09/06
2020,2020 VCS 夏季赛,/event/969.html,已结束,2020/06/19 — 2020/09/05
2020,2020 BLAST 春季决赛 - 北美,/event/968.html,已结束,2020/06/17 — 2020/06/22
2020,2020 LCK 夏季赛,/event/966.html,已结束,2020/06/17 — 2020/09/05
2020,2020 BLAST 春季决赛 - 欧洲,/event/967.html,已结束,2020/06/15 — 2020/06/21
2020,2020 LJL 夏季赛,/event/965.html,已结束,2020/06/13 — 2020/09/06
2020,2020 LCS 夏季赛,/event/964.html,已结束,2020/06/12 — 2020/09/06
2020,2020 LEC 夏季赛,/event/963.html,已结束,2020/06/12 — 2020/09/06
2020,2020 LDL 夏季赛,/event/962.html,已结束,2020/06/10 — 2020/09/06
2020,2020 CBLOL 第二阶段,/event/961.html,已结束,2020/06/06 — 2020/09/05
2020,2020 TCL 夏季赛,/event/960.html,已结束,2020/06/06 — 2020/09/05
2020,2020 OPL 第二阶段,/event/959.html,已结束,2020/06/05 — 2020/08/28
2020,2020 LPL 夏季赛,/event/956.html,已结束,2020/06/05 — 2020/08/27
2020,2020 DreamHack 春季大师赛 - 大洋洲,/event/955.html,已结束,2020/06/03 — 2020/06/07
2020,2020 DreamHack 春季大师赛 - 亚洲,/event/954.html,已结束,2020/06/02 — 2020/06/07
2020,2020 BLAST 春季赛 - 北美,/event/958.html,已结束,2020/06/01 — 2020/06/15
2020,2020 BLAST 春季赛 - 欧洲,/event/957.html,已结束,2020/06/01 — 2020/06/15
2020,2020 英雄联盟 季中杯,/event/949.html,已结束,2020/05/28 — 2020/05/31
2020,2020 ESL One 伯明翰站 - 中国,/event/953.html,已结束,2020/05/26 — 2020/06/07
2020,2020 DreamHack 春季大师赛 - 北美,/event/952.html,已结束,2020/05/19 — 2020/06/14
2020,2020 DreamHack 春季大师赛 - 欧洲,/event/951.html,已结束,2020/05/19 — 2020/06/14
2020,夏季赛转会期竞猜,/event/947.html,已结束,2020/05/10 — 2020/05/20
2020,ESL One: 里约之路 - 大洋洲,/event/946.html,已结束,2020/05/06 — 2020/05/10
2020,ESL One: 里约之路 - 亚洲,/event/945.html,已结束,2020/05/06 — 2020/05/10
2020,ESL One: 里约之路 - 独联体,/event/944.html,已结束,2020/04/30 — 2020/05/17
2020,2020 LCK 夏季升降级赛,/event/943.html,已结束,2020/04/28 — 2020/04/30
2020,ESL One: 里约之路 - 欧洲,/event/942.html,已结束,2020/04/22 — 2020/05/17
2020,ESL One: 里约之路 - 北美,/event/941.html,已结束,2020/04/22 — 2020/05/10
2020,2020 LDL 春季赛,/event/939.html,已结束,2020/04/14 — 2020/04/30
2020,2020 KGL 春季赛,/event/940.html,已结束,2020/04/08 — 2020/07/04
2020,2020 LDL 公开训练赛,/event/938.html,已结束,2020/04/04 — 2020/04/07
2020,2020 KPLGT 春季赛,/event/935.html,已结束,2020/03/29 — 2020/05/30
2020,ESL One 洛杉矶Major 中国区线上赛,/event/937.html,已结束,2020/03/28 — 2020/04/15
2020,2020 KPL 春季赛,/event/931.html,已结束,2020/03/17 — 2020/06/13
2020,ESL 职业联赛 S11,/event/933.html,已结束,2020/03/16 — 2020/04/30
2020,Dota2巅峰联赛 S12,/event/932.html,已结束,2020/03/11 — 2020/03/14
2020,SLi Minor S3,/event/930.html,已结束,2020/03/05 — 2020/03/08
2020,2020 LPL 公开训练赛,/event/927.html,已结束,2020/02/26 — 2020/02/29
2020,IEM Katowice 2020,/event/922.html,已结束,2020/02/24 — 2020/03/02
2020,2020 LCL 春季赛,/event/929.html,已结束,2020/02/22 — 2020/04/30
2020,DreamHack Open Anaheim 2020,/event/921.html,已结束,2020/02/21 — 2020/02/24
2020,WePlay! Dota 2 Tug of War: Mad Moon,/event/926.html,已结束,2020/02/19 — 2020/02/23
2020,2020 LLA 开幕赛,/event/925.html,已结束,2020/02/16 — 2020/04/30
2020,ESL One 洛杉矶Major 中国区预选赛,/event/924.html,已结束,2020/02/14 — 2020/02/17
2020,SLi Minor S3 中国区预选赛,/event/928.html,已结束,2020/02/13 — 2020/02/19
2020,ESL One 洛杉矶Major 中国区海选赛,/event/923.html,已结束,2020/02/12 — 2020/02/13
2020,2020 LJL 春季赛,/event/920.html,已结束,2020/02/08 — 2020/05/04
2020,2020 PCS 春季赛,/event/913.html,已结束,2020/02/08 — 2020/05/03
2020,2020 LCK 春季赛,/event/911.html,已结束,2020/02/05 — 2020/04/30
2020,2020 TCL 冬季赛,/event/919.html,已结束,2020/02/01 — 2020/04/30
2020,ICE Challenge 2020,/event/915.html,已结束,2020/02/01 — 2020/02/07
2020,2020 OPL 第一阶段,/event/917.html,已结束,2020/01/31 — 2020/04/24
2020,2020 VCS 春季赛,/event/916.html,已结束,2020/01/31 — 2020/04/18
2020,BLAST Premier Spring Series 2020,/event/912.html,已结束,2020/01/31 — 2020/02/16
2020,2020 CBLOL 第一阶段,/event/918.html,已结束,2020/01/26 — 2020/05/10
2020,2020 LCS 春季赛,/event/908.html,已结束,2020/01/25 — 2020/04/20
2020,2020 LEC 春季赛,/event/909.html,已结束,2020/01/24 — 2020/04/20
2020,梦幻联赛S13,/event/914.html,已结束,2020/01/18 — 2020/01/26
2020,2020 LPL 春季赛,/event/907.html,已结束,2020/01/13 — 2020/04/19
2020,WePlay!布克维Minor,/event/910.html,已结束,2020/01/09 — 2020/01/13
